system,source_file,total_pins,AI,DI,FI,SENT,CURR,RES,TEMP,PWM,PWM_HS,PWM_LS,DO,DO_HS,DO_LS,CAN,LIN,ETH,SUP,SENS_SUP,GND,INOUT,OTHER
BRAKE_SYSTEM,BRAKE_SYSTEM.json,8,2,0,0,0,0,0,0,0,0,0,0,1,0,0,0,0,2,0,3,0,0
eec_system_viewer_config.v4,eec_system_viewer_config.v4.json,0,0,0,0,0,0,0,0,0,0,0,0,0,0,0,0,0,0,0,0,0,0
ELO_Ang_S_424A_Ana,ELO_Ang_S_424A_Ana.json,0,0,0,0,0,0,0,0,0,0,0,0,0,0,0,0,0,0,0,0,0,0
ELO_Ang_S_424C_CAN,ELO_Ang_S_424C_CAN.json,0,0,0,0,0,0,0,0,0,0,0,0,0,0,0,0,0,0,0,0,0,0
ELO_Ang_S_424D_Ana,ELO_Ang_S_424D_Ana.json,0,0,0,0,0,0,0,0,0,0,0,0,0,0,0,0,0,0,0,0,0,0
ELO_Ang_S_424R_Red,ELO_Ang_S_424R_Red.json,0,0,0,0,0,0,0,0,0,0,0,0,0,0,0,0,0,0,0,0,0,0
ELO_Cmp_Joy_J2_CAN,ELO_Cmp_Joy_J2_CAN.json,0,0,0,0,0,0,0,0,0,0,0,0,0,0,0,0,0,0,0,0,0,0
ELO_Finger_Joy_J3_CAN,ELO_Finger_Joy_J3_CAN.json,0,0,0,0,0,0,0,0,0,0,0,0,0,0,0,0,0,0,0,0,0,0
ELO_Float_Sw_204KS_Dig,ELO_Float_Sw_204KS_Dig.json,0,0,0,0,0,0,0,0,0,0,0,0,0,0,0,0,0,0,0,0,0,0
ELO_Hand_Throt_351H_Ana,ELO_Hand_Throt_351H_Ana.json,0,0,0,0,0,0,0,0,0,0,0,0,0,0,0,0,0,0,0,0,0,0
ELO_Imm_Float_Sw_Dig,ELO_Imm_Float_Sw_Dig.json,0,0,0,0,0,0,0,0,0,0,0,0,0,0,0,0,0,0,0,0,0,0
ELO_Lvr_Sw_351RHS_Dig,ELO_Lvr_Sw_351RHS_Dig.json,0,0,0,0,0,0,0,0,0,0,0,0,0,0,0,0,0,0,0,0,0,0
ELO_Mag_120,ELO_Mag_120.json,0,0,0,0,0,0,0,0,0,0,0,0,0,0,0,0,0,0,0,0,0,0
ELO_Mag_122,ELO_Mag_122.json,0,0,0,0,0,0,0,0,0,0,0,0,0,0,0,0,0,0,0,0,0,0
ELO_Mag_12261,ELO_Mag_12261.json,0,0,0,0,0,0,0,0,0,0,0,0,0,0,0,0,0,0,0,0,0,0
ELO_Mag_125,ELO_Mag_125.json,0,0,0,0,0,0,0,0,0,0,0,0,0,0,0,0,0,0,0,0,0,0
ELO_Mag_126,ELO_Mag_126.json,0,0,0,0,0,0,0,0,0,0,0,0,0,0,0,0,0,0,0,0,0,0
ELO_Mag_128,ELO_Mag_128.json,0,0,0,0,0,0,0,0,0,0,0,0,0,0,0,0,0,0,0,0,0,0
ELO_PTO_Sw_145PTO_Dig,ELO_PTO_Sw_145PTO_Dig.json,0,0,0,0,0,0,0,0,0,0,0,0,0,0,0,0,0,0,0,0,0,0
ELO_PTO_Sw_151PTO_Dig,ELO_PTO_Sw_151PTO_Dig.json,0,0,0,0,0,0,0,0,0,0,0,0,0,0,0,0,0,0,0,0,0,0
ELO_Rock_Sw_145DW_Dig,ELO_Rock_Sw_145DW_Dig.json,0,0,0,0,0,0,0,0,0,0,0,0,0,0,0,0,0,0,0,0,0,0
ELO_Tilt_S_N6_Sta_Ana,ELO_Tilt_S_N6_Sta_Ana.json,0,0,0,0,0,0,0,0,0,0,0,0,0,0,0,0,0,0,0,0,0,0
ELO_Tilt_S_N6_Sta_CAN,ELO_Tilt_S_N6_Sta_CAN.json,0,0,0,0,0,0,0,0,0,0,0,0,0,0,0,0,0,0,0,0,0,0
ELO_Tilt_S_N7_Dyn_CAN,ELO_Tilt_S_N7_Dyn_CAN.json,0,0,0,0,0,0,0,0,0,0,0,0,0,0,0,0,0,0,0,0,0,0
ELO_Uni_Sw_151U_A_Dig,ELO_Uni_Sw_151U_A_Dig.json,0,0,0,0,0,0,0,0,0,0,0,0,0,0,0,0,0,0,0,0,0,0
ELO_Uni_Sw_151U_B_Dig,ELO_Uni_Sw_151U_B_Dig.json,0,0,0,0,0,0,0,0,0,0,0,0,0,0,0,0,0,0,0,0,0,0
ELO_Vane_Sw_1405_Dig,ELO_Vane_Sw_1405_Dig.json,0,0,0,0,0,0,0,0,0,0,0,0,0,0,0,0,0,0,0,0,0,0
ELO_Vane_Sw_147_Dig,ELO_Vane_Sw_147_Dig.json,0,0,0,0,0,0,0,0,0,0,0,0,0,0,0,0,0,0,0,0,0,0
Example_HYDAC_Coil_Topologies_System,HYDAC_Example_Coils.eec-system-1.4.json,4,0,0,0,0,0,0,0,0,1,1,0,1,0,0,0,0,0,0,1,0,0
Example_System_with_Bosch_Rexroth_Coil_Actuators,Bosch_Rexroth_Example_Coils.eec-system-1.4.json,8,0,0,0,0,0,0,0,0,2,1,0,2,1,0,0,0,0,0,2,0,0
Example_System_with_selected_elobau_angle_sensors,Elobau_Example_Angle_Sensors.eec-system-1.4.json,26,3,2,0,0,2,0,0,0,0,0,0,0,0,2,0,0,8,0,9,0,0
HYD_Dir_Vlv_Coil_12V_DC,HYD_Dir_Vlv_Coil_12V_DC.json,0,0,0,0,0,0,0,0,0,0,0,0,0,0,0,0,0,0,0,0,0,0
HYD_Dir_Vlv_Coil_24V_DC,HYD_Dir_Vlv_Coil_24V_DC.json,0,0,0,0,0,0,0,0,0,0,0,0,0,0,0,0,0,0,0,0,0,0
HYD_ETS4500_Temp_Ana,HYD_ETS4500_Temp_Ana.json,0,0,0,0,0,0,0,0,0,0,0,0,0,0,0,0,0,0,0,0,0,0
HYD_EVS3100_Flow_Ana,HYD_EVS3100_Flow_Ana.json,0,0,0,0,0,0,0,0,0,0,0,0,0,0,0,0,0,0,0,0,0,0
HYD_HDA4400_Press_Ana,HYD_HDA4400_Press_Ana.json,0,0,0,0,0,0,0,0,0,0,0,0,0,0,0,0,0,0,0,0,0,0
HYD_HDA4700_Press_Ana,HYD_HDA4700_Press_Ana.json,0,0,0,0,0,0,0,0,0,0,0,0,0,0,0,0,0,0,0,0,0,0
HYD_HDA8400_Press_Ana,HYD_HDA8400_Press_Ana.json,0,0,0,0,0,0,0,0,0,0,0,0,0,0,0,0,0,0,0,0,0,0
HYD_HDA8700_Press_Ana,HYD_HDA8700_Press_Ana.json,0,0,0,0,0,0,0,0,0,0,0,0,0,0,0,0,0,0,0,0,0,0
HYD_HIT1000_Sta_Incl_CAN,HYD_HIT1000_Sta_Incl_CAN.json,0,0,0,0,0,0,0,0,0,0,0,0,0,0,0,0,0,0,0,0,0,0
HYD_HIT1500_Dyn_Incl_CAN,HYD_HIT1500_Dyn_Incl_CAN.json,0,0,0,0,0,0,0,0,0,0,0,0,0,0,0,0,0,0,0,0,0,0
HYD_HLT1100_Lin_Pos_Ana,HYD_HLT1100_Lin_Pos_Ana.json,0,0,0,0,0,0,0,0,0,0,0,0,0,0,0,0,0,0,0,0,0,0
HYD_HLT1300_Cyl_Multi_CAN,HYD_HLT1300_Cyl_Multi_CAN.json,0,0,0,0,0,0,0,0,0,0,0,0,0,0,0,0,0,0,0,0,0,0
HYD_HNT1000_Lvl_Ana,HYD_HNT1000_Lvl_Ana.json,0,0,0,0,0,0,0,0,0,0,0,0,0,0,0,0,0,0,0,0,0,0
HYD_HTT1200_Temp_CAN,HYD_HTT1200_Temp_CAN.json,0,0,0,0,0,0,0,0,0,0,0,0,0,0,0,0,0,0,0,0,0,0
HYD_PDR10830_Prop_Press_Vlv,HYD_PDR10830_Prop_Press_Vlv.json,0,0,0,0,0,0,0,0,0,0,0,0,0,0,0,0,0,0,0,0,0,0
HYD_Prop_Vlv_Coil_12V_DC_PWM,HYD_Prop_Vlv_Coil_12V_DC_PWM.json,0,0,0,0,0,0,0,0,0,0,0,0,0,0,0,0,0,0,0,0,0,0
HYD_Prop_Vlv_Coil_24V_DC_PWM,HYD_Prop_Vlv_Coil_24V_DC_PWM.json,0,0,0,0,0,0,0,0,0,0,0,0,0,0,0,0,0,0,0,0,0,0
HYD_PWK10120V_Prop_Flow_Vlv,HYD_PWK10120V_Prop_Flow_Vlv.json,0,0,0,0,0,0,0,0,0,0,0,0,0,0,0,0,0,0,0,0,0,0
HYD_Sol_Coil_12PN_2_8_50_2345,HYD_Sol_Coil_12PN_2_8_50_2345.json,0,0,0,0,0,0,0,0,0,0,0,0,0,0,0,0,0,0,0,0,0,0
HYD_Sol_Coil_12PN_5_1_50_2345,HYD_Sol_Coil_12PN_5_1_50_2345.json,0,0,0,0,0,0,0,0,0,0,0,0,0,0,0,0,0,0,0,0,0,0
HYD_Sol_Coil_12PU_5_1_50_2345,HYD_Sol_Coil_12PU_5_1_50_2345.json,0,0,0,0,0,0,0,0,0,0,0,0,0,0,0,0,0,0,0,0,0,0
HYD_Sol_Coil_24PN_18_50_2345,HYD_Sol_Coil_24PN_18_50_2345.json,0,0,0,0,0,0,0,0,0,0,0,0,0,0,0,0,0,0,0,0,0,0
HYD_Sol_Coil_24PU_18_50_2345,HYD_Sol_Coil_24PU_18_50_2345.json,0,0,0,0,0,0,0,0,0,0,0,0,0,0,0,0,0,0,0,0,0,0
HYD_Sol_Coil_24PU_19_2_50_2345_UL_V0,HYD_Sol_Coil_24PU_19_2_50_2345_UL_V0.json,0,0,0,0,0,0,0,0,0,0,0,0,0,0,0,0,0,0,0,0,0,0
HYD_WS10Z_Sol_Dir_Vlv,HYD_WS10Z_Sol_Dir_Vlv.json,0,0,0,0,0,0,0,0,0,0,0,0,0,0,0,0,0,0,0,0,0,0
HYDAC_Selected_Sensor_Examples,HYDAC_Example_Sensors.eec-system-1.4.json,36,2,4,0,0,3,0,0,0,0,0,0,0,0,6,0,0,10,0,11,0,0
Hydraulic_Rear_Hitch_Control,Hydraulic_Rear_Hitch_Control.eec-component-1.0.json,0,0,0,0,0,0,0,0,0,0,0,0,0,0,0,0,0,0,0,0,0,0
