System,Scope,Owner,DeviceType,Signal,CleanName,Type,Interface,Unit,Range,Safety,Priority,ECU,Connector,Pin,PinRole,PinInterface,CAN
"HYDAC_Selected_Sensor_Examples","device","HYDAC_HAT1200_Angle_Analogue_4_20mA_3Pin_MappingReady","sensor","HAT1200_SUPPLY_9_36V","HYDD_SUPPLY_6V_PWR","U1","POWER","VOLT","9..36","AgPL_B","MEDIUM","AEC_CABIN_01","X1",4,"SUPPLY","POWER",""
"HYDAC_Selected_Sensor_Examples","device","HYDAC_HAT1200_Angle_Analogue_4_20mA_3Pin_MappingReady","sensor","HAT1200_0V","HYDD_HAT1200_0_GND","U1","GROUND","NONE","0..0","AgPL_B","MEDIUM","AEC_CABIN_01","X1",12,"GROUND","GROUND",""
"HYDAC_Selected_Sensor_Examples","device","HYDAC_HAT1200_Angle_Analogue_4_20mA_3Pin_MappingReady","sensor","HAT1200_Angle_4_20mA","HYDD_Angle_0m_AI","F32","CURRENT","DEGREE","0..360","AgPL_B","MEDIUM","VALIDATION_IO_ECU","T1",82,"INPUT","CURRENT",""
"HYDAC_Selected_Sensor_Examples","device","HYDAC_HAT3800_Angle_CANopen_M12_5Pin","sensor","CAN_SHLD","HYDD_CAN_GND","U1","GROUND","NONE","0..0","QM","MEDIUM","AEC_CABIN_01","X1",13,"GROUND","GROUND",""
"HYDAC_Selected_Sensor_Examples","device","HYDAC_HAT3800_Angle_CANopen_M12_5Pin","sensor","CAN_VPLUS_9_36V","HYDD_VPLUS_6V_PWR","U1","POWER","VOLT","9..36","QM","MEDIUM","AEC_CABIN_01","X1",5,"SUPPLY","POWER",""
"HYDAC_Selected_Sensor_Examples","device","HYDAC_HAT3800_Angle_CANopen_M12_5Pin","sensor","CAN_GND","HYDD_CAN_GND","U1","GROUND","NONE","0..0","QM","MEDIUM","AEC_CABIN_01","X1",14,"GROUND","GROUND",""
"HYDAC_Selected_Sensor_Examples","device","HYDAC_HAT3800_Angle_CANopen_M12_5Pin","sensor","CAN_H","HYDD_CAN_CAN","U1","CAN","NONE","0..0","QM","MEDIUM","AEC_CABIN_01","X2",9,"INOUT","CAN",""
"HYDAC_Selected_Sensor_Examples","device","HYDAC_HAT3800_Angle_CANopen_M12_5Pin","sensor","CAN_L","HYDD_CAN_CAN","U1","CAN","NONE","0..0","QM","MEDIUM","AEC_CABIN_01","X2",10,"INOUT","CAN",""
"HYDAC_Selected_Sensor_Examples","device","HYDAC_HDA4300_Pressure_40bar_A_4_20mA_2Wire","sensor","HDA4300_LOOP_SUPPLY_PLUS","HYDD_LOOP_PWR","U1","POWER","VOLT","8..30","QM","MEDIUM","AEC_CABIN_01","X1",6,"SUPPLY","POWER",""
"HYDAC_Selected_Sensor_Examples","device","HYDAC_HDA4300_Pressure_40bar_A_4_20mA_2Wire","sensor","HDA4300_Pressure_4_20mA","HYDD_Pressure_0m_AI","F32","CURRENT","BAR","0..40","QM","MEDIUM","VALIDATION_IO_ECU","T1",83,"INPUT","CURRENT",""
"HYDAC_Selected_Sensor_Examples","device","HYDAC_HDA4300_Pressure_40bar_B_0_10V_3Wire","sensor","HDA4300_SUPPLY_24V","HYDD_SUPPLY_4V_PWR","U1","POWER","VOLT","12..30","QM","MEDIUM","AEC_CABIN_01","X1",7,"SUPPLY","POWER",""
"HYDAC_Selected_Sensor_Examples","device","HYDAC_HDA4300_Pressure_40bar_B_0_10V_3Wire","sensor","HDA4300_0V","HYDD_HDA4300_0_GND","U1","GROUND","NONE","0..0","QM","MEDIUM","AEC_CABIN_01","X1",15,"GROUND","GROUND",""
"HYDAC_Selected_Sensor_Examples","device","HYDAC_HDA4300_Pressure_40bar_B_0_10V_3Wire","sensor","HDA4300_Pressure_0_10V","HYDD_Pressure_0V_AI","F32","ANALOG","BAR","0..40","QM","MEDIUM","AEC_CABIN_01","X1",76,"INPUT","RESISTANCE",""
"HYDAC_Selected_Sensor_Examples","device","HYDAC_ETS4100_Temperature_A_4_20mA_2Wire_Probe_050","sensor","ETS4100_LOOP_SUPPLY_PLUS","HYDD_LOOP_PWR","U1","POWER","VOLT","8..32","QM","MEDIUM","AEC_CABIN_01","X1",8,"SUPPLY","POWER",""
"HYDAC_Selected_Sensor_Examples","device","HYDAC_ETS4100_Temperature_A_4_20mA_2Wire_Probe_050","sensor","ETS4100_Temperature_4_20mA","HYDD_Temperature_0m_AI","F32","CURRENT","CELSIUS","-25..100","QM","MEDIUM","VALIDATION_IO_ECU","T1",84,"INPUT","CURRENT",""
"HYDAC_Selected_Sensor_Examples","device","HYDAC_ETS4100_Temperature_B_0_10V_3Wire_Probe_050","sensor","ETS4100_SUPPLY_24V","HYDD_SUPPLY_4V_PWR","U1","POWER","VOLT","12..32","QM","MEDIUM","AEC_DISPLAY_01","X1000",1,"SUPPLY","POWER",""
"HYDAC_Selected_Sensor_Examples","device","HYDAC_ETS4100_Temperature_B_0_10V_3Wire_Probe_050","sensor","ETS4100_0V","HYDD_ETS4100_0_GND","U1","GROUND","NONE","0..0","QM","MEDIUM","AEC_CABIN_01","X1",16,"GROUND","GROUND",""
"HYDAC_Selected_Sensor_Examples","device","HYDAC_ETS4100_Temperature_B_0_10V_3Wire_Probe_050","sensor","ETS4100_Temperature_0_10V","HYDD_Temperature_0V_AI","F32","ANALOG","CELSIUS","-25..100","QM","MEDIUM","AEC_CABIN_01","X1",77,"INPUT","RESISTANCE",""
"HYDAC_Selected_Sensor_Examples","device","HYDAC_EDS410_PressureSwitch_100bar_PNP_2Outputs_M12_4Pin","sensor","EDS410_SUPPLY_PLUS","HYDD_SUPPLY_PWR","U1","POWER","VOLT","8..42","QM","MEDIUM","AEC_DISPLAY_01","X1000",2,"SUPPLY","POWER",""
"HYDAC_Selected_Sensor_Examples","device","HYDAC_EDS410_PressureSwitch_100bar_PNP_2Outputs_M12_4Pin","sensor","EDS410_OUT2_PNP","HYDD_OUT2_2_CMD","U1","DIGITAL","BOOLEAN","0..1","QM","MEDIUM","AEC_CABIN_01","X1",53,"INPUT","FREQUENCY",""
"HYDAC_Selected_Sensor_Examples","device","HYDAC_EDS410_PressureSwitch_100bar_PNP_2Outputs_M12_4Pin","sensor","EDS410_0V","HYDD_EDS410_0_GND","U1","GROUND","NONE","0..0","QM","MEDIUM","AEC_CABIN_01","X2",4,"GROUND","GROUND",""
"HYDAC_Selected_Sensor_Examples","device","HYDAC_EDS410_PressureSwitch_100bar_PNP_2Outputs_M12_4Pin","sensor","EDS410_OUT1_PNP","HYDD_OUT1_1_CMD","U1","DIGITAL","BOOLEAN","0..1","QM","MEDIUM","AEC_CABIN_01","X1",54,"INPUT","FREQUENCY",""
"HYDAC_Selected_Sensor_Examples","device","HYDAC_EDS810_PressureSwitch_100bar_PNP_2Outputs_M12_4Pin","sensor","EDS810_SUPPLY_PLUS","HYDD_SUPPLY_PWR","U1","POWER","VOLT","8..36","QM","MEDIUM","AEC_DISPLAY_01","X1000",3,"SUPPLY","POWER",""
"HYDAC_Selected_Sensor_Examples","device","HYDAC_EDS810_PressureSwitch_100bar_PNP_2Outputs_M12_4Pin","sensor","EDS810_OUT2_PNP","HYDD_OUT2_2_CMD","U1","DIGITAL","BOOLEAN","0..1","QM","MEDIUM","AEC_CABIN_01","X1",55,"INPUT","FREQUENCY",""
"HYDAC_Selected_Sensor_Examples","device","HYDAC_EDS810_PressureSwitch_100bar_PNP_2Outputs_M12_4Pin","sensor","EDS810_0V","HYDD_EDS810_0_GND","U1","GROUND","NONE","0..0","QM","MEDIUM","AEC_CABIN_01","X2",5,"GROUND","GROUND",""
"HYDAC_Selected_Sensor_Examples","device","HYDAC_EDS810_PressureSwitch_100bar_PNP_2Outputs_M12_4Pin","sensor","EDS810_OUT1_PNP","HYDD_OUT1_1_CMD","U1","DIGITAL","BOOLEAN","0..1","QM","MEDIUM","AEC_CABIN_01","X1",56,"INPUT","FREQUENCY",""
"HYDAC_Selected_Sensor_Examples","device","HYDAC_HLT700_LinearPosition_CANopen_5Pin_Template","sensor","HLT700_CAN_SHLD","HYDD_CAN_GND","U1","GROUND","NONE","0..1","QM","MEDIUM","AEC_CABIN_01","X2",6,"GROUND","GROUND",""
"HYDAC_Selected_Sensor_Examples","device","HYDAC_HLT700_LinearPosition_CANopen_5Pin_Template","sensor","HLT700_CAN_VPLUS","HYDD_CAN_PWR","U1","POWER","VOLT","9..36","QM","MEDIUM","AEC_DISPLAY_01","X1000",4,"SUPPLY","POWER",""
"HYDAC_Selected_Sensor_Examples","device","HYDAC_HLT700_LinearPosition_CANopen_5Pin_Template","sensor","HLT700_CAN_GND","HYDD_CAN_GND","U1","GROUND","NONE","0..0","QM","MEDIUM","AEC_CABIN_01","X2",7,"GROUND","GROUND",""
"HYDAC_Selected_Sensor_Examples","device","HYDAC_HLT700_LinearPosition_CANopen_5Pin_Template","sensor","HLT700_CAN_H","HYDD_CAN_CAN","U1","CAN","NONE","0..1","QM","MEDIUM","AEC_CABIN_01","X2",11,"INOUT","CAN",""
"HYDAC_Selected_Sensor_Examples","device","HYDAC_HLT700_LinearPosition_CANopen_5Pin_Template","sensor","HLT700_CAN_L","HYDD_CAN_CAN","U1","CAN","NONE","0..1","QM","MEDIUM","AEC_CABIN_01","X2",12,"INOUT","CAN",""
"HYDAC_Selected_Sensor_Examples","device","HYDAC_HIT1500_Inclination_CANopen_J1939_5Pin_Template","sensor","HIT1500_CAN_SHLD","HYDD_CAN_GND","U1","GROUND","NONE","0..1","QM","MEDIUM","AEC_DISPLAY_01","X1000",7,"GROUND","GROUND",""
"HYDAC_Selected_Sensor_Examples","device","HYDAC_HIT1500_Inclination_CANopen_J1939_5Pin_Template","sensor","HIT1500_CAN_VPLUS","HYDD_CAN_PWR","U1","POWER","VOLT","9..36","AgPL_B","MEDIUM","AEC_DISPLAY_01","X1000",5,"SUPPLY","POWER",""
"HYDAC_Selected_Sensor_Examples","device","HYDAC_HIT1500_Inclination_CANopen_J1939_5Pin_Template","sensor","HIT1500_CAN_GND","HYDD_CAN_GND","U1","GROUND","NONE","0..0","AgPL_B","MEDIUM","AEC_DISPLAY_01","X1000",8,"GROUND","GROUND",""
"HYDAC_Selected_Sensor_Examples","device","HYDAC_HIT1500_Inclination_CANopen_J1939_5Pin_Template","sensor","HIT1500_CAN_H","HYDD_CAN_CAN","U1","CAN","NONE","0..1","QM","MEDIUM","AEC_CABIN_01","X2",13,"INOUT","CAN",""
"HYDAC_Selected_Sensor_Examples","device","HYDAC_HIT1500_Inclination_CANopen_J1939_5Pin_Template","sensor","HIT1500_CAN_L","HYDD_CAN_CAN","U1","CAN","NONE","0..1","QM","MEDIUM","AEC_CABIN_01","X2",14,"INOUT","CAN",""
"Example_System_with_selected_elobau_angle_sensors","device","elobau_424SD11D_DH_120deg","sensor","elobau_424SD11D_DH_120deg_GND1","ELB_424SD11D_1_GND","U1","GROUND","NONE","0..0","AgPL_B","HIGH","AEC_DISPLAY_01","X1000",69,"GROUND","GROUND",""
"Example_System_with_selected_elobau_angle_sensors","device","elobau_424SD11D_DH_120deg","sensor","elobau_424SD11D_DH_120deg_UB1","ELB_424SD11D_1_PWR","U16","POWER","VOLT","9..32","AgPL_B","HIGH","AEC_ENGINE_01","X1",2,"SUPPLY","POWER",""
"Example_System_with_selected_elobau_angle_sensors","device","elobau_424SD11D_DH_120deg","sensor","elobau_424SD11D_DH_120deg_ANGLE_4_20MA_OUT1","ELB_424SD11D_1_AI","F32","CURRENT","DEGREE","0..120","AgPL_B","HIGH","VALIDATION_IO_ECU","T1",85,"INPUT","CURRENT",""
"Example_System_with_selected_elobau_angle_sensors","device","elobau_424SD11D_DH_120deg","sensor","elobau_424SD11D_DH_120deg_GND2","ELB_424SD11D_2_GND","U1","GROUND","NONE","0..0","AgPL_B","HIGH","AEC_ENGINE_01","X1",11,"GROUND","GROUND",""
"Example_System_with_selected_elobau_angle_sensors","device","elobau_424SD11D_DH_120deg","sensor","elobau_424SD11D_DH_120deg_UB2","ELB_424SD11D_2_PWR","U16","POWER","VOLT","9..32","AgPL_B","HIGH","AEC_ENGINE_01","X1",3,"SUPPLY","POWER",""
"Example_System_with_selected_elobau_angle_sensors","device","elobau_424SD11D_DH_120deg","sensor","elobau_424SD11D_DH_120deg_SWITCH_OUT2_HIGH_SIDE","ELB_424SD11D_2_CMD","U1","DIGITAL","BOOLEAN","0..1","AgPL_B","HIGH","AEC_CABIN_01","X1",57,"INPUT","FREQUENCY",""
"Example_System_with_selected_elobau_angle_sensors","device","elobau_424SD16D_DS_120deg","sensor","elobau_424SD16D_DS_120deg_GND1","ELB_424SD16D_1_GND","U1","GROUND","NONE","0..0","AgPL_B","HIGH","AEC_ENGINE_01","X1",12,"GROUND","GROUND",""
"Example_System_with_selected_elobau_angle_sensors","device","elobau_424SD16D_DS_120deg","sensor","elobau_424SD16D_DS_120deg_UB1","ELB_424SD16D_1_PWR","U16","POWER","VOLT","4.5..5.5","AgPL_B","HIGH","AEC_ENGINE_01","X1",4,"SUPPLY","POWER",""
"Example_System_with_selected_elobau_angle_sensors","device","elobau_424SD16D_DS_120deg","sensor","elobau_424SD16D_DS_120deg_ANGLE_0_5_4_5V_RATIOMETRIC_OUT1","ELB_424SD16D_1_AI","F32","ANALOG","DEGREE","0..120","AgPL_B","HIGH","AEC_CABIN_01","X1",80,"INPUT","RESISTANCE",""
"Example_System_with_selected_elobau_angle_sensors","device","elobau_424SD16D_DS_120deg","sensor","elobau_424SD16D_DS_120deg_GND2","ELB_424SD16D_2_GND","U1","GROUND","NONE","0..0","AgPL_B","HIGH","AEC_ENGINE_01","X1",13,"GROUND","GROUND",""
"Example_System_with_selected_elobau_angle_sensors","device","elobau_424SD16D_DS_120deg","sensor","elobau_424SD16D_DS_120deg_UB2","ELB_424SD16D_2_PWR","U16","POWER","VOLT","4.5..5.5","AgPL_B","HIGH","AEC_ENGINE_01","X1",5,"SUPPLY","POWER",""
"Example_System_with_selected_elobau_angle_sensors","device","elobau_424SD16D_DS_120deg","sensor","elobau_424SD16D_DS_120deg_SWITCH_OUT2_PUSH_PULL","ELB_424SD16D_2_CMD","U1","DIGITAL","BOOLEAN","0..1","AgPL_B","HIGH","AEC_CABIN_01","X1",58,"INPUT","FREQUENCY",""
"Example_System_with_selected_elobau_angle_sensors","device","elobau_424A_4_20MA_120deg","sensor","elobau_424A_4_20MA_120deg_SUPPLY","ELB_424A_PWR","U16","POWER","VOLT","9..32","QM","HIGH","AEC_ENGINE_01","X1",6,"SUPPLY","POWER",""
"Example_System_with_selected_elobau_angle_sensors","device","elobau_424A_4_20MA_120deg","sensor","elobau_424A_4_20MA_120deg_GND","ELB_424A_GND","U1","GROUND","NONE","0..0","QM","HIGH","AEC_ENGINE_01","X1",14,"GROUND","GROUND",""
"Example_System_with_selected_elobau_angle_sensors","device","elobau_424A_4_20MA_120deg","sensor","elobau_424A_4_20MA_120deg_ANGLE_4_20MA","ELB_424A_0M_AI","F32","CURRENT","DEGREE","0..120","QM","HIGH","VALIDATION_IO_ECU","T1",86,"INPUT","CURRENT",""
"Example_System_with_selected_elobau_angle_sensors","device","elobau_424R_0_5_4_5V_parallel_120deg","sensor","elobau_424R_0_5_4_5V_parallel_120deg_GND1","ELB_424R_1_GND","U1","GROUND","NONE","0..0","AgPL_B","HIGH","AEC_ENGINE_01","X1",15,"GROUND","GROUND",""
"Example_System_with_selected_elobau_angle_sensors","device","elobau_424R_0_5_4_5V_parallel_120deg","sensor","elobau_424R_0_5_4_5V_parallel_120deg_UB1","ELB_424R_1_PWR","U16","POWER","VOLT","9..32","AgPL_B","HIGH","AEC_ENGINE_01","X1",7,"SUPPLY","POWER",""
"Example_System_with_selected_elobau_angle_sensors","device","elobau_424R_0_5_4_5V_parallel_120deg","sensor","elobau_424R_0_5_4_5V_parallel_120deg_ANGLE_OUT1","ELB_424R_1_AI","F32","ANALOG","DEGREE","0..120","AgPL_B","HIGH","AEC_CABIN_01","X1",81,"INPUT","RESISTANCE",""
"Example_System_with_selected_elobau_angle_sensors","device","elobau_424R_0_5_4_5V_parallel_120deg","sensor","elobau_424R_0_5_4_5V_parallel_120deg_GND2","ELB_424R_2_GND","U1","GROUND","NONE","0..0","AgPL_B","HIGH","AEC_ENGINE_01","X1",16,"GROUND","GROUND",""
"Example_System_with_selected_elobau_angle_sensors","device","elobau_424R_0_5_4_5V_parallel_120deg","sensor","elobau_424R_0_5_4_5V_parallel_120deg_UB2","ELB_424R_2_PWR","U16","POWER","VOLT","9..32","AgPL_B","HIGH","AEC_ENGINE_01","X1",8,"SUPPLY","POWER",""
"Example_System_with_selected_elobau_angle_sensors","device","elobau_424R_0_5_4_5V_parallel_120deg","sensor","elobau_424R_0_5_4_5V_parallel_120deg_ANGLE_OUT2","ELB_424R_2_AI","F32","ANALOG","DEGREE","0..120","AgPL_B","HIGH","AEC_CABIN_01","X1",82,"INPUT","RESISTANCE",""
"Example_System_with_selected_elobau_angle_sensors","device","elobau_424C_360deg_CANopen","sensor","elobau_424C_360deg_CANopen_SHIELD","ELB_424C_GND","U1","GROUND","NONE","0..0","QM","HIGH","AEC_ENGINE_01","X1",17,"GROUND","GROUND",""
"Example_System_with_selected_elobau_angle_sensors","device","elobau_424C_360deg_CANopen","sensor","elobau_424C_360deg_CANopen_SUPPLY_9_32V","ELB_424C_2V_PWR","U16","POWER","VOLT","9..32","QM","HIGH","AEC_ENGINE_01","X1",9,"SUPPLY","POWER",""
"Example_System_with_selected_elobau_angle_sensors","device","elobau_424C_360deg_CANopen","sensor","elobau_424C_360deg_CANopen_GND","ELB_424C_GND","U1","GROUND","NONE","0..0","QM","HIGH","AEC_ENGINE_01","X1",18,"GROUND","GROUND",""
"Example_System_with_selected_elobau_angle_sensors","device","elobau_424C_360deg_CANopen","sensor","elobau_424C_360deg_CANopen_CAN_H","ELB_424C_CAN","U1","CAN","NONE","0..1","QM","HIGH","AEC_CABIN_01","X2",15,"INOUT","CAN",""
"Example_System_with_selected_elobau_angle_sensors","device","elobau_424C_360deg_CANopen","sensor","elobau_424C_360deg_CANopen_CAN_L","ELB_424C_CAN","U1","CAN","NONE","0..1","QM","HIGH","AEC_CABIN_01","X2",16,"INOUT","CAN",""
"Example_HYDAC_Coil_Topologies_System","device","HYDAC_PROP_12PG_5_6_32_1329_PN4059964_HS_LS","actuator","HYDAC_4059964_CoilCommand_HS","COIL_4059964_CMD","U1","PWM","PERCENT","0..100","QM","MEDIUM","AEC_CABIN_01","X1",33,"OUTPUT","PWM",""
"Example_HYDAC_Coil_Topologies_System","device","HYDAC_PROP_12PG_5_6_32_1329_PN4059964_HS_LS","actuator","HYDAC_4059964_CoilReturn_LS","COIL_4059964_CMD","U1","PWM","PERCENT","0..100","QM","MEDIUM","AEC_CABIN_01","X1",49,"OUTPUT","PWM",""
"Example_HYDAC_Coil_Topologies_System","device","HYDAC_DIR_12DG_32_1329_UL_V0_PN2610160_HS_GND","actuator","HYDAC_2610160_CoilCommand_HS","COIL_2610160_SWT","U1","DIGITAL","BOOLEAN","0..1","QM","MEDIUM","AEC_CABIN_01","X1",23,"OUTPUT","DIGITAL",""
"Example_HYDAC_Coil_Topologies_System","device","HYDAC_DIR_12DG_32_1329_UL_V0_PN2610160_HS_GND","actuator","HYDAC_2610160_POWER_GND","COIL_2610160_GND","U1","GROUND","NONE","0..0","QM","MEDIUM","AEC_DISPLAY_01","X1000",11,"GROUND","GROUND",""
"Example_System_with_Bosch_Rexroth_Coil_Actuators","device","Rexroth_D36_CLASS_H_20W_OD0236403POB00_HIGH_SIDE_GROUND_RETURN","actuator","DirCoilCmd_HS","BREX_Coil_SWT","U1","DIGITAL","BOOLEAN","0..1","QM","HIGH","AEC_CABIN_01","X1",21,"OUTPUT","DIGITAL",""
"Example_System_with_Bosch_Rexroth_Coil_Actuators","device","Rexroth_D36_CLASS_H_20W_OD0236403POB00_HIGH_SIDE_GROUND_RETURN","actuator","POWER_GND","BREX_POWER_GND","U1","GROUND","NONE","0..0","QM","HIGH","AEC_DISPLAY_01","X1000",9,"GROUND","GROUND",""
"Example_System_with_Bosch_Rexroth_Coil_Actuators","device","Rexroth_D36_CLASS_H_20W_OD0236403POB00_HIGH_SIDE_LOW_SIDE","actuator","DirCoilCmd_HS","BREX_Coil_SWT","U1","DIGITAL","BOOLEAN","0..1","QM","HIGH","AEC_CABIN_01","X1",22,"OUTPUT","DIGITAL",""
"Example_System_with_Bosch_Rexroth_Coil_Actuators","device","Rexroth_D36_CLASS_H_20W_OD0236403POB00_HIGH_SIDE_LOW_SIDE","actuator","DirCoilReturn_LS","BREX_Coil_SWT","U1","DIGITAL","BOOLEAN","0..1","QM","HIGH","AEC_CABIN_01","X1",47,"OUTPUT","PWM",""
"Example_System_with_Bosch_Rexroth_Coil_Actuators","device","Rexroth_GP37_PROPORTIONAL_CLASS_H_37_C4_R11p500_HIGH_SIDE_GROUN","actuator","PropCoilCurrentCmd_HS","BREX_Coil_CMD","F32","PWM","AMPERE","0..0.8","QM","HIGH","AEC_CABIN_01","X1",19,"OUTPUT","PWM",""
"Example_System_with_Bosch_Rexroth_Coil_Actuators","device","Rexroth_GP37_PROPORTIONAL_CLASS_H_37_C4_R11p500_HIGH_SIDE_GROUN","actuator","POWER_GND","BREX_POWER_GND","U1","GROUND","NONE","0..0","QM","HIGH","AEC_DISPLAY_01","X1000",10,"GROUND","GROUND",""
"Example_System_with_Bosch_Rexroth_Coil_Actuators","device","Rexroth_GP37_PROPORTIONAL_CLASS_H_37_C4_R11p500_HIGH_SIDE_LOW_S","actuator","PropCoilCurrentCmd_HS","BREX_Coil_CMD","F32","PWM","AMPERE","0..0.8","QM","HIGH","AEC_CABIN_01","X1",20,"OUTPUT","PWM",""
"Example_System_with_Bosch_Rexroth_Coil_Actuators","device","Rexroth_GP37_PROPORTIONAL_CLASS_H_37_C4_R11p500_HIGH_SIDE_LOW_S","actuator","PropCoilReturn_LS","BREX_Coil_CMD","F32","PWM","AMPERE","0..0.8","QM","HIGH","AEC_CABIN_01","X1",48,"OUTPUT","PWM",""
"BRAKE_SYSTEM","device","HYDAC_HDA4300_Pressure_25bar_B_0_10V","sensor","HDA4300_SUPPLY_24V","BRK_SUPPLY_4V_PWR","U1","POWER","VOLT","12..30","QM","MEDIUM","AEC_DISPLAY_01","X1000",6,"SUPPLY","POWER",""
"BRAKE_SYSTEM","device","HYDAC_HDA4300_Pressure_25bar_B_0_10V","sensor","HDA4300_0V","BRK_HDA4300_0_GND","U1","GROUND","NONE","0..0","QM","MEDIUM","AEC_DISPLAY_01","X1000",12,"GROUND","GROUND",""
"BRAKE_SYSTEM","device","HYDAC_HDA4300_Pressure_25bar_B_0_10V","sensor","ParlockPressure","BRK_Parlock_AI","U16","ANALOG","BAR","0..25","QM","MEDIUM","AEC_CABIN_01","X1",78,"INPUT","RESISTANCE",""
"BRAKE_SYSTEM","device","HYDAC_HDA4300_Pressure_200bar_B_0_10V_copy","sensor","HDA4300_SUPPLY_24V","BRK_SUPPLY_4V_PWR","U1","POWER","VOLT","12..30","QM","MEDIUM","AEC_ENGINE_01","X1",1,"SUPPLY","POWER",""
"BRAKE_SYSTEM","device","HYDAC_HDA4300_Pressure_200bar_B_0_10V_copy","sensor","HDA4300_0V","BRK_HDA4300_0_GND","U1","GROUND","NONE","0..0","QM","MEDIUM","AEC_DISPLAY_01","X1000",67,"GROUND","GROUND",""
"BRAKE_SYSTEM","device","HYDAC_HDA4300_Pressure_200bar_B_0_10V_copy","sensor","ParlockPressure","BRK_Parlock_AI","U16","ANALOG","BAR","0..25","QM","MEDIUM","AEC_CABIN_01","X1",79,"INPUT","RESISTANCE",""
"BRAKE_SYSTEM","device","Rexroth_S8_356_CLASS_H_17W_OD0227203POC00_HIGH_SIDE_GROUND_RETU","actuator","DirCoilCmd_HS","BRK_Coil_SWT","U1","DIGITAL","BOOLEAN","0..1","QM","HIGH","AEC_CABIN_01","X1",24,"OUTPUT","DIGITAL",""
"BRAKE_SYSTEM","device","Rexroth_S8_356_CLASS_H_17W_OD0227203POC00_HIGH_SIDE_GROUND_RETU","actuator","POWER_GND","BRK_POWER_GND","U1","GROUND","NONE","0..0","QM","HIGH","AEC_DISPLAY_01","X1000",68,"GROUND","GROUND",""
"BRAKE_SYSTEM","software","Brake_SWC","swc_variable","Brake_Pressure","","U16","CAN","BAR","0..250","QM","LOW","","",,"","","BrakeStatus@0xCF00600 on Powertrain_Engine_Bus [0|16]"
"BRAKE_SYSTEM","software","Brake_SWC","swc_variable","Brake_Applied","","U1","CAN","BOOLEAN","0..1","QM","LOW","","",,"","","BrakeStatus@0xCF00600 on Powertrain_Engine_Bus [16|1]"
"Rear_Hydraulic_Hitch_System","device","Rear_Hitch_Position_Sensor","sensor","HAT1200_SUPPLY_24V","RHIT_SUPPLY_4V_PWR","U1","POWER","VOLT","9..36","AgPL_B","MEDIUM","AEC_CABIN_01","X1",1,"SUPPLY","POWER",""
"Rear_Hydraulic_Hitch_System","device","Rear_Hitch_Position_Sensor","sensor","HAT1200_0V","RHIT_HAT1200_0_GND","U1","GROUND","NONE","0..0","AgPL_B","MEDIUM","AEC_CABIN_01","X1",9,"GROUND","GROUND",""
"Rear_Hydraulic_Hitch_System","device","Rear_Hitch_Position_Sensor","sensor","HAT1200_Angle_0_10V","RHIT_Angle_0V_AI","F32","ANALOG","DEGREE","0..360","AgPL_B","MEDIUM","AEC_CABIN_01","X1",75,"INPUT","RESISTANCE",""
"Rear_Hydraulic_Hitch_System","device","Hitch_Hydraulic_Pressure_Sensor","sensor","HDA4300_LOOP_SUPPLY_PLUS","RHIT_LOOP_PWR","U1","POWER","VOLT","8..30","QM","MEDIUM","AEC_CABIN_01","X1",2,"SUPPLY","POWER",""
"Rear_Hydraulic_Hitch_System","device","Hitch_Hydraulic_Pressure_Sensor","sensor","HDA4300_Pressure_4_20mA","RHIT_Pressure_0m_AI","F32","CURRENT","BAR","0..10","QM","MEDIUM","VALIDATION_IO_ECU","T1",81,"INPUT","CURRENT",""
"Rear_Hydraulic_Hitch_System","device","Hitch_Proportional_Lowering_Valve","actuator","HYD_PDR10830_Prop_Press_Vlv_Sup","RHIT_PDR10830_PWR","U16","POWER","VOLT","0..24","QM","MEDIUM","AEC_CABIN_01","X1",3,"SUPPLY","POWER",""
"Rear_Hydraulic_Hitch_System","device","Hitch_Proportional_Lowering_Valve","actuator","HYD_PDR10830_Prop_Press_Vlv_Gnd","RHIT_PDR10830_GND","U1","GROUND","BOOLEAN","0..1","QM","MEDIUM","AEC_CABIN_01","X1",10,"GROUND","GROUND",""
"Rear_Hydraulic_Hitch_System","device","Hitch_Proportional_Lowering_Valve","actuator","HYD_PDR10830_Cmd","RHIT_PDR10830_CMD","U16","PWM","PERCENT","0..100","QM","HIGH","AEC_CABIN_01","X1",17,"OUTPUT","PWM",""
"Rear_Hydraulic_Hitch_System","device","Hitch_Raise_Solenoid_Valve","actuator","Coil12PN5_1_50_2345_Cmd","RHIT_1_CMD","U16","PWM","PERCENT","0..100","QM","HIGH","AEC_CABIN_01","X1",18,"OUTPUT","PWM",""
"Rear_Hydraulic_Hitch_System","device","Hitch_Raise_Solenoid_Valve","actuator","HYD_Sol_Coil_12PN_5_1_50_2345_Gnd","RHIT_Sol_GND","U1","GROUND","BOOLEAN","0..1","QM","MEDIUM","AEC_CABIN_01","X1",11,"GROUND","GROUND",""
"Engine_Control_Software","software","Engine_SWC","swc_variable","Engine_Torque_Estimate","","U16","CAN","PERCENT","0..100","QM","LOW","","",,"","","EngineStatus@0xCF00400 on Powertrain_Engine_Bus [0|16]"
"Engine_Control_Software","software","Engine_SWC","swc_variable","Engine_State","","U8","CAN","NONE","0..15","QM","LOW","","",,"","","EngineStatus@0xCF00400 on Powertrain_Engine_Bus [16|8]"
"Engine_Control_Software","software","Engine_SWC","swc_variable","Oil_Health_Flag","","U1","CAN","BOOLEAN","0..1","QM","LOW","","",,"","","EngineStatus@0xCF00400 on Powertrain_Engine_Bus [24|1]"
"Transmission_Control_Software","software","Transmission_SWC","swc_variable","Current_Gear","","U8","CAN","NONE","0..24","QM","LOW","","",,"","","TransmissionStatus@0xCF00500 on Powertrain_Engine_Bus [0|8]"
"Transmission_Control_Software","software","Transmission_SWC","swc_variable","Transmission_Oil_Temp","","S16","CAN","CELSIUS","-40..150","QM","LOW","","",,"","","TransmissionStatus@0xCF00500 on Powertrain_Engine_Bus [8|16]"
"Transmission_Control_Software","software","Transmission_SWC","swc_variable","Ground_Speed","","U16","CAN","HERTZ","0..6000","QM","LOW","","",,"","","TransmissionStatus@0xCF00500 on Powertrain_Engine_Bus [24|16]"
"Engine_Diagnostic_Software","software","Engine_Diag_SWC","swc_variable","Active_DTC_Count","","U8","CAN","NONE","0..255","QM","LOW","","",,"","","EngineDiagnostics@0x18FECA00 on Diagnostic_OBD_Bus [0|8]"
"Engine_Diagnostic_Software","software","Engine_Diag_SWC","swc_variable","MIL_Status","","U1","CAN","BOOLEAN","0..1","QM","LOW","","",,"","","EngineDiagnostics@0x18FECA00 on Diagnostic_OBD_Bus [8|1]"
"Rear_Hitch_Control_Software","software","Hitch_SWC","swc_variable","Hitch_Position","","U16","CAN","PERCENT","0..100","QM","LOW","","",,"","","HitchStatus@0xCF0FD00 on ISOBUS [0|16]"
"Rear_Hitch_Control_Software","software","Hitch_SWC","swc_variable","Draft_Force","","U16","CAN","NONE","0..65535","QM","LOW","","",,"","","HitchStatus@0xCF0FD00 on ISOBUS [16|16]"
"Rear_Hitch_Control_Software","software","Hitch_SWC","swc_variable","Hitch_State","","U8","CAN","NONE","0..7","QM","LOW","","",,"","","HitchStatus@0xCF0FD00 on ISOBUS [32|8]"
"Cabin_Display_Software","software","Cabin_SWC","swc_variable","Display_Vehicle_Speed","","U16","CAN","HERTZ","0..6000","QM","LOW","","",,"","","CabinBroadcast@0xCF00200 on Tractor_Bus [0|16]"
"Cabin_Display_Software","software","Cabin_SWC","swc_variable","Cluster_Warning_Flags","","U8","CAN","NONE","0..255","QM","LOW","","",,"","","CabinBroadcast@0xCF00200 on Tractor_Bus [16|8]"
